Prompt_ID,Category,English_Prompt,Ukrainian_Prompt
STR_001,Stress,I've been staying up late trying to finish everything for work and I also have other responsibilities. I'm so tired lately that I can't even focus properly anymore. I don't know how to manage all of this.,"Останнім часом я постійно засиджуюся допізна, намагаючись усе встигнути по роботі, і ще маю інші справи. Я настільки втомився, що вже навіть нормально не можу зосередитися. Не знаю, як усе це витягнути."
STR_002,Stress,"I have so many things going on right now and I feel like my brain never switches off. I keep thinking about what I might forget or mess up, and it's getting exhausting.","У мене зараз стільки всього відбувається, що здається, ніби голова взагалі не вимикається. Постійно думаю, що щось забуду або зроблю не так, і це вже дуже виснажує."
STR_003,Stress,My boss just told me there might be layoffs next month. I can't stop worrying about how I'll pay my bills if I lose my job.,"Керівник сказав, що наступного місяця можуть бути скорочення. Я постійно хвилююся, як оплачуватиму рахунки, якщо залишуся без роботи."
STR_004,Stress,I'm trying to keep up with my studies but the pressure is just too much. I feel like I can't keep up anymore.,"Я намагаюся справлятися з навчанням, але тиск стає занадто великим. Відчуваю, ніби вже не встигаю."
STR_005,Stress,The never-ending deadlines at work are driving me crazy. I feel like I'm drowning.,"Ці нескінченні дедлайни на роботі зводять мене з розуму. У мене таке відчуття, ніби я тону."
STR_006,Stress,I can't seem to balance my work life and my personal life. It feels like I'm failing at both.,"Не можу знайти баланс між роботою та особистим життям. Здається, що в обох справи не йдуть."
STR_007,Stress,"I have this huge exam coming up and every time I sit down to study, my mind goes blank because of the stress.","У мене скоро важливий іспит, і кожного разу, коли сідаю вчитися, від стресу в голові порожньо."
STR_008,Stress,The news about layoffs at my company has been hanging over my head all day. I just feel so anxious about the future.,Новини про звільнення в моїй компанії турбують мене цілий день. Відчуваю велику тривогу за своє майбутнє.
STR_009,Stress,I'm feeling overwhelmed with all the new responsibilities after my promotion. It's like I can't catch a break.,"Після підвищення я відчуваю себе перевантаженим новими обов'язками. Ніби не можу зупинитися на момент, щоб перепочити."
STR_010,Stress,"I really need to do well on this project at work, but the stress is making it hard to concentrate.","Мені дуже потрібно добре виконати цей проект на роботі, але через стрес важко зосередитися."
STR_011,Stress,"Every time there's a new deadline at work, I start feeling anxious and can't sleep because I'm so worried.","Кожного разу, коли з'являється новий дедлайн на роботі, я починаю хвилюватися і не можу спати через переживання."
STR_012,Stress,I can't keep up with my assignments and I'm starting to feel like I'm drowning in course work.,Я не встигаю з виконанням завдань та починаю втомлюватися від навчання.
STR_013,Stress,I feel so much pressure trying to balance my job and taking care of my family. I don't know how people do it.,"Відчуваю великий тиск, намагаючись поєднати роботу та турботу про сім'ю. Не знаю, як інші з цим справляються."
STR_014,Stress,"Work has been a madhouse lately, and I'm just so tired all the time. I don't know how much longer I can keep this up.","На роботі останнім часом суцільний хаос, і я постійно втомлений. Не знаю, скільки ще зможу з цим справлятися."
STR_015,Stress,I'm feeling a lot of pressure from my parents about my grades and it's really stressing me out.,"Батьки сильно тиснуть на мене через оцінки, і це мене дійсно дуже стресує."
STR_016,Stress,"Balancing studying, work, and social life feels impossible at this point.","Цей баланс між навчанням, роботою та соціальним життям виглядає неймовірно складно."
STR_017,Stress,"I used to love my job, but now the constant demands are leaving me exhausted and stressed all the time.","Раніше я любив свою роботу, але тепер постійні вимоги залишають мене виснаженим і стресованим."
STR_018,Stress,There are days when I feel like I'm doing everything wrong at work and it's causing me so much stress.,"Іноді я відчуваю, що на роботі все роблю невірно, і це викликає у мене величезний стрес."
STR_019,Stress,I'm constantly worried that I'll make a mistake at work. How do I calm these fears?,"Я постійно боюся, що зроблю помилку на роботі. Як заспокоїти ці переживання?"
STR_020,Stress,The stress from school and work feels like too much to handle right now.,Мені дуже складно витримати стрес від навчання і роботи.
STR_021,Stress,Juggling my different responsibilities is so hard. I just feel constantly stressed and overwhelmed.,Поєднувати різні обов'язки дуже складно. Постійно відчуваю стрес і перевантаження.
STR_022,Stress,I'm struggling to find a balance between my personal life and the demands of my classes.,Мені важко знайти баланс між особистим життям та вимогами навчання.
STR_023,Stress,The workload at my job right now is insane. I don't know how to catch up.,"Навантаження на роботі зараз неймовірне. Не знаю, як з цим впоратися."
STR_024,Stress,I feel like I'm just running from one thing to another without a break. Is this normal?,Відчуваю себе нібито біжу від одного до іншого без паузи. Чи це нормально?
STR_025,Stress,Every day feels like a race to finish everything on my list. How do I even start to relax?,"Кожен день відчувається як гонка, щоб встигнути все зі списку. Як взагалі почати розслаблятися?"
STR_026,Stress,I really don’t get along with my roommate and it's making our home environment really tense.,"Я зовсім не ладнаю з сусідом, і це робить атмосферу вдома дуже напруженою."
STR_027,Stress,Having constant arguments with my partner is getting exhausting. I just want some peace.,Постійні суперечки з партнером виснажують мене. Хочу просто спокою.
STR_028,Stress,I feel like no one in my family understands the pressure I'm under and it's so frustrating.,"Здається, що ніхто в сім'ї не розуміє, під яким тиском я знаходжуся, і це дуже засмучує."
STR_029,Stress,Taking care of my elderly parent on my own is so overwhelming. I love them but I'm so drained.,"Турбота про моїх літніх батьків самотужки дуже виснажує. Я їх люблю, але я дуже втомився."
STR_030,Stress,I feel disconnected from my friends because I'm too busy to meet up. It's really stressing me out.,"Відчуваю віддалення від друзів, бо постійно зайнятий і не можу зустрітись. Це мене дуже стресує."
STR_031,Stress,"There’s constant tension at home with my family, and it's hard to relax when I'm there.","Удома з родиною постійна напруга, і важко розслабитися, коли я там."
STR_032,Stress,I feel like my relationship is falling apart and I don't know how to fix it. It's so stressful.,"Відчуваю ніби мої стосунки руйнуються, і не знаю, як це виправити. Це дуже стресово."
STR_033,Stress,"All we do is argue in my household, and it's wearing me down. I can't find peace anywhere.","Дома постійно сваримося, і це мене дуже втомлює. Не можу знайти спокою."
STR_034,Stress,"No matter how hard I try, I can’t seem to make things right with my family and it's weighing on me.","Якими б не були мої зусилля, не можу налагодити стосунки в сім'ї, і це мене пригнічує."
STR_035,Stress,Being the sole provider for my family is so stressful. Every day is a new challenge.,Бути єдиним годувальником для моєї родини - це дуже стресово. Кожен день приносить нові випробування.
STR_036,Stress,Conflict with my partner has made our home life so difficult. I'm tired of arguments.,Конфлікти зі своїм партнером зробили сімейне життя настільки важким. Я втомився від суперечок.
STR_037,Stress,"I feel so alone in managing all the household responsibilities, and it's overwhelming.","Я відчуваю себе настільки самотньою у виконанні всіх домашніх обов’язків, і це дуже важко."
STR_038,Stress,"My partner and I are constantly disagreeing, and I'm finding the situation stressful.","Ми з партнером постійно сперечаємось, і я знаходжу цю ситуацію дуже стресовою."
STR_039,Stress,It feels like I'm responsible for everything in my friend group and it's becoming too much.,"Відчуваю, ніби відповідаю за все в колі своїх друзів, і це стає для мене забагато."
STR_040,Stress,I feel guilty because I can't spend as much time with my family as I'd like. It's stressful.,"Відчуваю провину, бо не можу проводити стільки часу зі своєю сім'єю, скільки б мені хотілося. Це викликає стрес."
STR_041,Stress,The rent is going up again and I don't know if I can afford to stay here anymore.,"Оренда знов підвищується, і я не знаю, чи зможу тут ще залишатися."
STR_042,Stress,I've been dealing with so many unexpected expenses lately and it's stressing me out.,"Останнім часом маю стільки неочікуваних витрат, і це викликає в мене стрес."
STR_043,Stress,Our household bills keep rising and I just can't keep up. It's making me anxious all the time.,"Рахунки за все вдома постійно зростають, і я не встигаю за цим. Постійно відчуваю тривогу."
STR_044,Stress,I always worry about money and the stress is starting to affect my health.,"Я завжди хвилююся через гроші, і стрес починає впливати на моє здоров'я."
STR_045,Stress,Every month it feels like something new breaks and I can't afford to fix it.,"Кожного місяця здається, наче щось нове ламається, а я не можу це полагодити."
STR_046,Stress,"My commute is so long and exhausting, and by the time I get home, I'm too tired to do anything else.","Моя поїздка на роботу така довга і виснажлива, що як повертаюсь додому, я занадто втомлений, щоб щось робити."
STR_047,Stress,"My schedule keeps changing unexpectedly, making it hard to keep any routine.","Мій графік постійно змінюється несподівано, і це робить складним дотримання будь-якого режиму."
STR_048,Stress,I've recently moved to a new city and I'm feeling overwhelmed trying to adapt.,"Нещодавно переїхав до нового міста і відчуваю себе перевантаженим, намагаючись адаптуватися."
STR_049,Stress,"I'm constantly tired from juggling work, home, and the endless list of tasks.","Я постійно втомлений від необхідності жонглювати роботою, домом та нескінченним списком справ."
STR_050,Stress,There's always something coming up that disrupts my plans and it's just so exhausting.,"Постійно щось з'являється, що порушує мої плани, і це дуже виснажує."
STR_051,Stress,Trying to keep everything clean and organized with no help is draining all my energy.,"Намагаюсь тримати все в чистоті і порядку без допомоги, і це забирає всю мою енергію."
STR_052,Stress,I have no idea how I'm going to pay for the repairs my car needs.,"Не маю уявлення, як оплатити ремонт, який потребує мій автомобіль."
STR_053,Stress,Everything feels out of control with my daily routine. I can't seem to get things right.,"Відчуття, ніби я втратив контроль над щоденною рутиною. Не можу з цим впоратися."
STR_054,Stress,Our household expenses are piling up and I just can't see the end. It's very stressful.,Наші домашні витрати лише збільшуються і ніяк не можу побачити кінець цьому. Це дуже стресує.
STR_055,Stress,My distant relatives are coming to stay and I don't know how I'm going to manage everything.,"До мене приїздять далекі родичі, і не уявляю, як все встигнути."
STR_056,Stress,I'm stressed about my safety every time I hear the air raid sirens go off.,"Я переживаю за свою безпеку кожного разу, коли чую сирени повітряної тривоги."
STR_057,Stress,The power outages here happen so often that I can't get anything done in my home anymore.,"Відключення електрики трапляються тут так часто, що я вже не можу нормально робити щось вдома."
STR_058,Stress,Reading all this upsetting news every day is really affecting my mood. I feel anxious.,Щоденне прочитання всіх цих поганих новин справді впливає на мій настрій. Відчуваю тривогу.
STR_059,Stress,Living in a new city without familiar support is much harder than I thought. It's stressing me out.,"Жити в новому місті без знайомої підтримки набагато складніше, ніж я думав. Це стресує мене."
STR_060,Stress,I get so tense whenever there's talk of the threat of attacks. It's always looming over us.,"Кожного разу, коли розмовляють про загрозу атаки, я відчуваю сильну напругу. Це завжди тяжіє над нами."
STR_061,Stress,"Adapting to life after relocation is harder than I expected, and it's causing me stress.","Адаптація до життя після переїзду виявилася складнішою, ніж я очікував, і це викликає в мене стрес."
STR_062,Stress,I'm overwhelmed by the constant changes in my environment which make life unpredictable.,"Я перевантажений постійними змінами в моєму оточенні, які роблять життя непередбачуваним."
STR_063,Stress,The frequent power cuts make it hard to finish my work and I feel constantly stressed.,"Часті відключення електрики ускладнюють завершення роботи, і я постійно відчуваю стрес."
STR_064,Stress,Trying to keep up with school assignments during frequent air alerts has been really tough.,Справлятися із шкільними завданнями під час частих повітряних тривог - це дуже важко.
STR_065,Stress,I'm anxious every time I need to travel because there's so much uncertainty about safety around here.,"Я відчуваю тривогу кожного разу, коли мені потрібно подорожувати, бо тут так багато невизначеності щодо безпеки."
STR_066,Stress,Everyday chores are hard to manage with so many disruptions in power and water.,Повсякденні справи важко виконувати через часті відключення електрики і води.
STR_067,Stress,"Adjusting to a new workplace after moving was harder than I thought, and I feel the stress building.","Адаптуватися до нової роботи після переїзду виявилося важче, ніж я думав, і я відчуваю, як зростає стрес."
STR_068,Stress,"The news cycle is so relentless and negative, it's impacting my ability to feel hopeful about the future.","Новини завжди такі негативні та безперервні, і це впливає на мою здатність відчувати надію на майбутнє."
STR_069,Stress,"Every time I see something about potential attacks, I just get consumed by stress and fear.","Кожен раз, коли дізнаюсь про можливі атаки, мене охоплює стрес і страх."
STR_070,Stress,I'm exhausted from the constant alerts and the uncertainty they bring. It's so tiring.,"Я виснажений від постійних тривог і невизначеності, яку вони приносять. Це дуже втомлює."
STR_071,Stress,I find it hard to focus on anything because I'm always waiting for the next blackout or alarm.,"Мені важко зосередитися на чомусь, бо я завжди чекаю на наступне відключення або тривогу."
STR_072,Stress,The unstable situation makes me worry about long-term plans. I can't stop stressing about what will happen.,"Нестабільна ситуація змушує мене переживати щодо довгострокових планів. Не можу перестати стресувати через те, що буде."
STR_073,Stress,Trying to navigate the system here for essentials like housing and utilities has been stressful.,"Спроби розібратися з системою тут для отримання базових речей, як житло та комунальні послуги, були стресовими."
STR_074,Stress,I'm having a hard time talking to officials here and it's making everything feel so much harder.,"Мені важко спілкуватися з чиновниками тут, і це ускладнює будь-які справи."
STR_075,Stress,Adjusting to the new cultural norms is harder than I thought and is causing me stress.,"Пристосування до нових культурних норм є складнішим, ніж я думав, і це викликає у мене стрес."
STR_076,Stress,Even finding essentials is a challenge with the current conditions. It's so stressful.,Навіть пошук базових потреб стає проблемою через поточні умови. Це дуже стресово.
STR_077,Stress,The noise from constant drills and alerts is really wearing me down mentally.,Шум від постійних навчань та тривог дуже виснажує мене психологічно.
STR_078,Stress,"My family is constantly worried, and it's making it hard for me to stay calm.","Моя сім'я постійно хвилюється, і це утруднює мою здатність зберігати спокій."
STR_079,Stress,"The political situation is so unpredictable, and the constant tension is getting to me.","Політична ситуація настільки непередбачувана, і постійна напруга мене дуже літає."
STR_080,Stress,I'm constantly stressed thinking about how to keep my family safe with everything going on.,"Я постійно переживаю, як забезпечити безпеку моєї сім'ї, при всьому тому, що зараз відбувається."
STR_081,Stress,"The current economic situation has made daily life very stressful, and I'm constantly worried about finances.","Поточна економічна ситуація робить щоденне життя дійсно стресовим, і я постійно турбуюся про фінанси."
STR_082,Stress,"The news about potential attacks and threats is overwhelming, and I can't stop thinking about it.","Новини про можливі атаки та загрози дуже виснажують мене, і я не можу перестати про це думати."
STR_083,Stress,The constant bureaucratic challenges since relocating have been stressing me out endlessly.,Постійні бюрократичні труднощі після переїзду безперервно викликають у мене стрес.
STR_084,Stress,"I feel like I'm always on edge, waiting for the next emergency or alert. It's exhausting.","Відчуваю себе постійно на взводі, чекаючи наступну надзвичайну ситуацію або тривогу. Це виснажує."
STR_085,Stress,"Navigating the new culture and systems is harder than expected, creating lots of stress.","Навігація у новій культурі та системах виявилася складнішою, ніж очікувалось, і створює багато стресу."
STR_086,Stress,The lack of power and heat during cold days adds an additional layer of stress that I can't shake off.,"Відсутність електрики та тепла в холодні дні додає ще один рівень стресу, від якого я не можу позбутися."
STR_087,Stress,The constant changes and uncertainty about the future make it hard to plan anything.,Постійні зміни та невизначеність майбутнього роблять планування чого завгодно дійсно складним.
STR_088,Stress,Trying to keep my children calm when I am stressed out myself during alerts is so difficult.,"Важко заспокоювати дітей, коли самому тебе хвилює тривога під час звукових сповіщень."
STR_089,Stress,Adapting to a new living situation and trying to settle in is more stressful than I imagined.,"Адаптація до нової життєвої ситуації та спроби влаштуватися на новому місці більш стресові, ніж я очікував."
STR_090,Stress,"I keep hoping for things to get better, but the continuous disruptions are wearing me down.","Я продовжую сподіватися, що все налагодиться, але постійні перешкоди мене виснажують."
STR_091,Stress,"I'm trying to stay optimistic, but it's hard when there's so much volatility around us.","Намагаюся бути оптимістично налаштованим, але це важко, коли навколо стільки нестабільності."
STR_092,Stress,It's tough having to constantly reassure my family when I'm also feeling stressed and unsure.,"Важко постійно заспокоювати сім'ю, коли і сам відчуваєш стрес та невпевненість."
STR_093,Stress,"The physical relocation itself was exhausting, and I'm still trying to find my feet.","Сам переїзд був виснажливим, і я досі намагаюся пристосуватися."
STR_094,Stress,"I miss the familiar support system I had back at home, and the lack of it here is stressful.","Сумую за звичайною підтримкою, яку мав удома, а відсутність її тут викликає стрес."
STR_095,Stress,"The frequent air alerts make it hard to relax, and I'm losing sleep over it.","Часті повітряні тривоги заважають розслабитися, і я через це втрачаю сон."
STR_096,Stress,Keeping up with new laws and regulations is stressful because I don't want to miss anything important.,"Слідкувати за новими законами та регламентами стресово, бо я не хочу пропустити щось важливе."
STR_097,Stress,I worry about how all these rapid changes are impacting my kids and it's stressful.,"Я переживаю через те, як усі ці швидкі зміни впливають на моїх дітей, і це стресує."
STR_098,Stress,"Managing everything by myself in this new environment is tougher than I imagined, especially with current conditions.","Справлятися зі всім самостійно в таких нових умовах виявилося більш складним, ніж я уявляв, особливо за поточних умов."
STR_099,Stress,The pressure to constantly be prepared for emergencies is overwhelming.,"Тиск, пов'язаний з постійною готовністю до надзвичайних ситуацій, є дуже великим."
STR_100,Stress,I didn't expect living here to be so filled with challenges and stress.,"Не очікував, що життя тут буде настільки сповнене викликами та стресом."
PAN_001,Panic,"I suddenly started feeling really weird and scared. My heart is beating so fast, my hands are shaking, and I don't know what's happening to me.","Мені раптом стало дуже дивно і страшно. Серце так швидко б'ється, руки трусяться, і я не розумію, що зі мною відбувається."
PAN_002,Panic,I was fine a minute ago and then this wave of fear came over me. I feel like I can't calm down and I keep checking if I'm okay.,"Ще хвилину тому все було нормально, а потім мене раптом накрив сильний страх. Не можу заспокоїтися і постійно перевіряю, чи зі мною все гаразд."
PAN_003,Panic,"I have too many assignments due at the same time, and I'm panicking about how to get them all done.","У мене одночасно багато завдань, і я панікую, як все встигнути зробити."
PAN_004,Panic,I can't concentrate on my studies because I'm constantly worried about failing.,"Не можу зосередитися на навчанні, бо постійно турбуюся про провал."
PAN_005,Panic,"Every time I think about the upcoming exam, I feel my heart racing and can't breathe properly.","Щоразу, як думаю про майбутній іспит, серце починає тріпотіти, і важко дихати."
PAN_006,Panic,"I'm overwhelmed with work, and my mind can't stop racing because of all the deadlines.","Я перевантажений роботою, і думки не можуть зупинитися через всі терміни."
PAN_007,Panic,The pressure of meeting everyone's expectations at work is making me feel anxious all the time.,"Тиск, щоб відповідати очікуванням всіх на роботі, постійно викликає в мене тривогу."
PAN_008,Panic,"I feel like I can't handle the stress at work anymore, and I don't know what to do.","Відчуваю, що вже не можу впоратися зі стресом на роботі, і не знаю, що робити."
PAN_009,Panic,I'm worried about losing my job because of all the changes happening in the company.,"Турбуюсь, що можу втратити роботу через всі зміни в компанії."
PAN_010,Panic,The fear of not being able to provide for my family is keeping me up at night.,Страх не забезпечити свою родину не дає мені спати вночі.
PAN_011,Panic,"Arguing with my family makes me feel panicked and trapped, and I don't know how to approach them.","Коли сперечаюсь з родиною, відчуваю паніку та безвихідь, і не знаю, як до них підійти."
PAN_012,Panic,"My partner and I keep fighting, and it's making me feel like my entire world is falling apart.","Ми з партнером постійно сваримося, і це змушує мене відчувати, що весь мій світ руйнується."
PAN_013,Panic,"I feel like I'm not supported by my friends anymore, and it scares me.","Відчуваю, що більше не маю підтримки друзів, і це лякає мене."
PAN_014,Panic,"Taking care of my parents is becoming overwhelming, and I feel like I'm running out of strength.","Догляд за батьками стає непосильним, і відчуваю, що в мене закінчуються сили."
PAN_015,Panic,"I'm so worried about losing touch with my family back home, and it's making me panic.","Дуже турбуюсь, що втрачу зв'язок з сім'єю вдома, і це викликає в мене паніку."
PAN_016,Panic,Navigating family tensions is making me feel anxious and hopeless.,З'ясування сімейних непорозумінь робить мене тривожним і безнадійним.
PAN_017,Panic,"Every time I try to resolve my relationship problems, I end up feeling more stressed and anxious.","Щоразу, коли намагаюся вирішити свої проблеми у стосунках, відчуваю ще більший стрес і тривогу."
PAN_018,Panic,"The fear of telling my family about my issues is eating me alive, and I don't know how to address it.","Страх розповісти родині про мої проблеми з'їдає мене зсередини, і я не знаю, як про це сказати."
PAN_019,Panic,Trying to balance work and home life is making me feel completely overwhelmed.,Спроба збалансувати роботу і домашнє життя викликає в мене повне перенавантаження.
PAN_020,Panic,"Facing financial problems has made me feel trapped, and I don't see a way out.","Фінансові проблеми викликають в мене відчуття безвиході, і я не бачу виходу."
PAN_021,Panic,"I'm so overwhelmed by bills piling up, I feel like I can't breathe.","Рахунки, що накопичуються, так пригнічують, що я не можу дихати."
PAN_022,Panic,Changes in my routine have left me feeling disoriented and stressed.,Зміни в рутині збивають мене з пантелику і викликають стрес.
PAN_023,Panic,I'm moving to a new city and the thought of starting over scares me.,"Я переїжджаю в нове місто, і думка про початок з нуля лякає мене."
PAN_024,Panic,Trying to keep up with daily responsibilities is making me feel like I'm drowning.,"Спроба встигати з повсякденними обов'язками змушує мене відчувати, що я тону."
PAN_025,Panic,The feeling of uncertainty about what's next in my life is incredibly stressful.,Відчуття невизначеності щодо майбутнього надзвичайно стресове для мене.
PAN_026,Panic,"I hear the air raid sirens, and I can't stop this rush of fear inside me.","Я чую сирени повітряної тривоги, і не можу позбутися цього напливу страху."
PAN_027,Panic,"The constant blackouts are so unsettling, I can't stop feeling on edge.","Постійні відключення світла такі неприємні, що я не можу позбутися напруження."
PAN_028,Panic,I read the news and suddenly feel overwhelmed by panic and fear for the future.,Я читаю новини і раптом відчуваю паніку і страх за майбутнє.
PAN_029,Panic,Having to leave my home because of the conflict is making me feel completely lost.,"Те, що довелося залишити дім через конфлікт, викликає в мене відчуття повної загубленості."
PAN_030,Panic,"Starting a new life in a different country is proving to be much harder than I anticipated, and I'm panicking.","Початок нового життя в іншій країні виявився важчим, ніж я очікував, і я панікую."
PAN_031,Panic,"The insecurity about our safety is keeping me on constant alert, and it's exhausting.","Невизначеність щодо безпеки змушує мене постійно напружено, і це дуже виснажує."
PAN_032,Panic,Bureaucratic challenges after moving here make me feel so anxious and out of control.,Бюрократичні труднощі після переїзду викликають в мене тривогу і відчуття втрати контролю.
PAN_033,Panic,I can't shake off this panic that something terrible is going to happen any moment.,"Не можу позбутися паніки, що щось страшне може статися в будь-який момент."
PAN_034,Panic,Worrying about logistics and essentials in the current situation makes me feel constantly anxious.,Турбота про логістику та основні потреби в поточній ситуації викликає постійну тривогу.
PAN_035,Panic,The thought of not being able to protect my loved ones overwhelms me with panic.,"Думка про те, що я не зможу захистити своїх близьких, викликає в мене паніку."
PAN_036,Panic,Facing the chaos of relocating is making me feel stressed and anxious.,Зіткнення з хаосом переїзду робить мене стресовим і тривожним.
PAN_037,Panic,The fear of instability in the current environment is really getting to me.,Страх перед нестабільністю в поточній обстановці справді впливає на мене.
PAN_038,Panic,Trying to keep my family safe in such an unpredictable situation is so overwhelming.,Спроба зберегти свою родину в безпеці в такій непередбачуваній ситуації дуже важка.
PAN_039,Panic,"The constant noise of sirens is making me feel so on edge, I'm scared all the time.","Постійний шум сирен робить мене таким напруженим, що я постійно боюсь."
PAN_040,Panic,Living with this constant uncertainty about the future is driving me to panic.,Життя в цій постійній невизначеності щодо майбутнього доводить мене до паніки.
PAN_041,Panic,"I'm struggling to adapt to the new reality, and it frightens me how much I can't control.","Важко адаптуватися до нової реальності, і мене лякає те, наскільки мало я можу контролювати."
PAN_042,Panic,Just thinking about the bureaucracy I need to deal with makes me feel anxious and helpless.,Навіть думка про необхідність розбиратись з бюрократією викликає в мене тривогу і безпорадність.
PAN_043,Panic,The uncertainty of where we'll live next month is terrifying and gives me panic attacks.,"Невизначеність, де ми житимемо наступного місяця, лякає і викликає в мене панічні атаки."
PAN_044,Panic,Trying to find normalcy amidst chaos makes my heart race uncontrollably.,Спроба знайти нормальність серед хаосу змушує серце шалено калатати.
PAN_045,Panic,The lack of routine and stability has made me feel on edge every single day.,Відсутність рутини і стабільності змушує мене почуватися на межі кожного дня.
PAN_046,Panic,The fear of the unknown is a constant weight on my mind and it's exhausting me.,"Страх перед невідомим постійно тисне на мене, і це виснажує."
PAN_047,Panic,Dealing with unexpected challenges here is making me overly stressed and worried.,Зіткнення з несподіваними труднощами тут викликає надмірний стрес і занепокоєння.
PAN_048,Panic,I'm terrified by the thought of something happening to my family while I'm far away.,"Мене лякає думка, що щось може статися з моєю родиною, поки я далеко."
PAN_049,Panic,Adjusting to a new environment feels overwhelming and I constantly feel on edge.,"Пристосування до нового оточення здається непосильним, і я постійно почуваюся на межі."
PAN_050,Panic,Feeling isolated in a new country is making my anxiety skyrocket.,Відчуття ізоляції в новій країні дуже сильно підвищує мою тривожність.
PAN_051,Panic,Prospects of job loss due to the changing circumstances keep me up at night.,Перспектива втрати роботи через зміну обставин не дає мені спати вночі.
PAN_052,Panic,I feel like my future job prospects are dwindling and it makes me panic.,"Відчуваю, що мої перспективи на роботу зменшуються, і це викликає паніку."
PAN_053,Panic,The fear of not succeeding professionally makes my heart pound with anxiety.,Страх професійного невдачі викликає трепет тривоги в моєму серці.
PAN_054,Panic,"Job interviews make me so nervous, I start to panic and forget everything I planned to say.","Співбесіди на роботу змушують мене так нервувати, що я починаю панікувати і забуваю все, що планував сказати."
PAN_055,Panic,The constant changes in the workplace due to economic instability are making me anxious.,Постійні зміни на робочому місці через економічну нестабільність викликають у мене тривогу.
PAN_056,Panic,Feeling like I'll never finish my degree because of everything going on is causing me panic.,"Відчуття, що я ніколи не закінчу свою освіту через всі ці події викликає в мене паніку."
PAN_057,Panic,The stress of applying for scholarships and not knowing if I'm eligible is overwhelming.,"Стрес через подачу заяв на стипендії і невідомість, чи я підходжу, є нестерпним."
PAN_058,Panic,The idea of making important life decisions under pressure is really stressing me out.,Ідея прийняття важливих життєвих рішень під тиском дуже мене хвилює.
PAN_059,Panic,"I'm terrified that if I don't find a job soon, I'll be completely out of options.","Боюсь, що якщо я не знайду роботу найближчим часом, у мене зовсім не буде варіантів."
PAN_060,Panic,"Getting feedback from my boss always makes me panic, no matter how many times I've done it.","Кожного разу, як отримую зворотний зв'язок від начальника, я панікую, незалежно від того, скільки разів це вже робив."
PAN_061,Panic,Projects piling up at work make me feel like I'm drowning and can't keep up.,"Проекти, які накопичуються на роботі, змушують мене відчувати, що я тону і не встигаю за всім."
PAN_062,Panic,"Appointments and deadlines are getting tangled, and I'm scared I'll mess everything up.","Призначення та терміни плутаються, і я боюся, що все зрозумію неправильно."
PAN_063,Panic,Receiving constant notifications and emails stresses me out and keeps me from focusing.,Постійні сповіщення та електронні листи викликають у мене стрес і заважають зосередитись.
PAN_064,Panic,Trying to manage professional responsibilities with personal life is making me panic.,Спроба поєднати професійні обов'язки з особистим життям викликає в мене паніку.
PAN_065,Panic,The pressure to excel in my studies while keeping up at work is overwhelming.,Тиск бути кращим у навчанні та встигати на роботі є нестерпним.
PAN_066,Panic,"I suddenly feel like everyone's expecting too much from me, and it's suffocating.","Я раптом відчуваю, що всі очікують від мене забагато, і це душить."
PAN_067,Panic,Handling criticism from peers makes me anxious and attack myself mentally.,Перенесення критики від колег змушує мене відчувати тривогу і нападати на себе психічно.
PAN_068,Panic,"Being in a new work environment scares me, and I can't seem to find my place.","Перебування в новому робочому середовищі лякає мене, і я не можу знайти своє місце."
PAN_069,Panic,"The pressure of proving myself at work is too much, and I'm afraid of failing.","Тиск довести свою цінність на роботі є надмірним, і я боюсь провалу."
PAN_070,Panic,I feel like everything will fall apart if I make a single mistake at work.,"Я відчуваю, що все розвалиться, якщо я зроблю хоча б одну помилку на роботі."
PAN_071,Panic,Every small change in my work context immediately makes me panic about job security.,Кожна маленька зміна в моєму робочому середовищі одразу викликає у мене паніку щодо безпеки роботи.
PAN_072,Panic,Worried about being misunderstood during presentations and that makes me anxious.,"Турбуюсь, що мене неправильно зрозуміють під час презентацій, і це викликає тривогу."
PAN_073,Panic,Facing the fear of public speaking at work makes my heart race with panic.,Зустріч із страхом перед публічними виступами на роботі робить серце шалено калатати від паніки.
PAN_074,Panic,The idea of taking on new responsibilities when I'm already overwhelmed is terrifying.,"Ідея взяти на себе нові обов’язки, коли я вже виснажений, є жахливою."
PAN_075,Panic,The constant competition at work makes me feel like I'm in survival mode.,"Постійна конкуренція на роботі змушує мене відчувати, ніби я в режимі виживання."
PAN_076,Panic,The fear of failing at my job while trying to focus on my studies worries me.,Страх невдачі на роботі при спробі зосередитися на навчанні хвилює мене.
PAN_077,Panic,"I keep thinking everyone else is handling work stress better than I am, and it's making me panic.","Постійно думаю, що всі інші справляються зі стресом на роботі краще, ніж я, і це викликає в мене паніку."
PAN_078,Panic,The possibility of not being able to attend important family events because of work is distressing.,Можливість не потрапити на важливі сімейні події через роботу викликає занепокоєння.
PAN_079,Panic,Worrying about whether I've chosen the right career path is causing ongoing panic attacks.,"Турбота про те, чи вибрав я правильний кар'єрний шлях, викликає постійні панічні атаки."
PAN_080,Panic,Handling network issues while working remotely makes my anxiety spike instantly.,Вирішення проблем із мережею під час роботи на віддаленні одразу підвищує мою тривожність.
PAN_081,Panic,Catching up on all my piled-up work feels impossible and stresses me out.,Справляння з усією накопленою роботою здається неможливим і викликає стрес.
PAN_082,Panic,Not knowing what to prioritize at work is causing me constant panic.,"Не знаючи, що пріоритетніше на роботі, викликає постійну паніку."
PAN_083,Panic,Handling last-minute changes at work sends me into a tailspin.,Вирішення змін в останню хвилину на роботі вводить мене в штопор.
PAN_084,Panic,Trying to juggle multiple projects and personal life has me feeling panicked and helpless.,Спроба жонглювати кількома проектами та особистим життям змушує мене відчувати паніку і безпорадність.
PAN_085,Panic,Feeling like a failure in both personal relationships and work is crushing me.,"Відчуття невдачі і в особистих стосунках, і на роботі пригнічує мене."
PAN_086,Panic,The idea of not being able to make a living is terrifying to think about.,"Думка про те, що не зможу заробляти на життя, є жахливою."
PAN_087,Panic,The impact of the economy on job stability is nerve-wracking and I can't calm down.,"Вплив економіки на стабільність роботи виснажує нерви, і я не можу заспокоїтися."
PAN_088,Panic,Constantly having to prove my value at work makes me feel like I'm always on edge.,"Постійно доводячи свою цінність на роботі, відчуваю, що завжди на межі."
PAN_089,Panic,The fear of not being able to save enough money is consuming me with stress.,Страх не зуміти заощадити достатньо грошей поглинає мене стресом.
PAN_090,Panic,Adjusting to changes at work is making my heart race in anxiety even thinking about it.,Пристосування до змін на роботі змушує серце трепетати від тривоги навіть при думці про це.
PAN_091,Panic,Struggling to meet all my responsibilities both at home and work feels terrifyingly impossible.,Боротьба за виконання всіх своїх обов'язків удома і на роботі здається жахливо неможливою.
PAN_092,Panic,Being the only breadwinner in unpredictable times is nerve-racking and overwhelming.,Бути єдиним годувальником у непередбачувані часи є нестерпно нервовим і приголомшливим.
PAN_093,Panic,The uncertainty of whether I'll be able to continue with my studies abroad is driving me into a panic.,"Невизначеність щодо того, чи зможу я продовжити навчання за кордоном, доводить мене до паніки."
PAN_094,Panic,Feeling like I can't control anything about my future is causing me constant anxiety.,"Відчуття, що не можу контролювати нічого у своєму майбутньому, викликає у мене постійну тривогу."
PAN_095,Panic,Having more responsibilities at work is causing me a lot of anxiety and fear of failure.,Наявність більшої кількості обов'язків на роботі викликає у мене тривогу і страх невдачі.
PAN_096,Panic,The thought of not having a support system in case of work-related stress scares me.,Думка про відсутність системи підтримки у разі робочого стресу лякає мене.
PAN_097,Panic,Feeling like I'm the one everyone at home depends on makes me anxious and panic-stricken.,"Відчуття, що я єдиний, на кого вдома покладаються, викликає у мене тривогу і паніку."
PAN_098,Panic,The worry that I've taken on more than I can handle at work is stressing me out.,"Турбота про те, що я взяв на себе більше, ніж можна впоратися на роботі, викликає у мене стрес."
PAN_099,Panic,The constant noise from construction work near my house is making me feel perpetually anxious.,Постійний шум від будівельних робіт біля мого будинку викликає в мене тривогу без упину.
PAN_100,Panic,Trying to find time for myself amidst all my duties and responsibilities is just overwhelming.,Спроба знайти час для себе серед всіх обов'язків і відповідальності є просто переважною.
LON_001,Loneliness,"I spend time with people every day, but I still feel like I don't really belong anywhere. I don't know who I could talk to when I'm having a bad day.","Я щодня спілкуюся з людьми, але все одно відчуваю, ніби ніде не своє місце. Не знаю, з ким я міг би поговорити, коли мені важко."
LON_002,Loneliness,"My friends have been busy lately and we barely talk anymore. I know they probably don't mean anything by it, but I feel really alone.","Мої друзі останнім часом зайняті, і ми майже перестали спілкуватися. Я розумію, що вони, мабуть, не роблять цього навмисно, але я почуваюся дуже самотньо."
LON_003,Loneliness,"It's hard to focus on work when I feel like no one understands what I'm going through, not even my colleagues.","Важко зосередитися на роботі, коли здається, що ніхто не розуміє, через що я проходжу, навіть колеги."
LON_004,Loneliness,"Even at university, surrounded by people, I feel so disconnected. I thought making new friends would be easier.","Навіть в університеті, серед людей, я відчуваю себе віддаленим. Думав, що заводити нових друзів буде легше."
LON_005,Loneliness,"I've been working late nights for weeks now, but it's not just the work that's tiring. It's the isolation too.","Я вже тижнями працюю допізна, але втомлює не тільки робота. Ще й ізоляція."
LON_006,Loneliness,"Studying for exams alone feels really lonely, especially when everyone else seems to have study groups.","Вчитися на екзамени самотужки дійсно самотньо, особливо коли всі інші здається мають групи для занять."
LON_007,Loneliness,"After that promotion, I've noticed colleagues distancing themselves. I miss the casual chats we used to have.","Після підвищення я помітив, що колеги стали віддалятися. Сумую за випадковими розмовами, які у нас були."
LON_008,Loneliness,"No one at the office ever invites me to lunch anymore, and it's making me feel really isolated.","Ніхто в офісі більше не запрошує мене на обід, і через це я відчуваю себе відстороненим."
LON_009,Loneliness,"With all these deadlines, I barely have time to talk to anyone, and it's really starting to get to me.","З усіма цими строками у мене майже немає часу спілкуватися, і це починає мене виснажувати."
LON_010,Loneliness,"I moved to this new city for work, but I haven't connected with anyone yet, and it's lonely here.","Я переїхав до цього нового міста через роботу, але ще ні з ким не познайомився, і тут самотньо."
LON_011,Loneliness,"Starting a new job should be exciting, but I feel so alone without any support.","Починати нову роботу має бути захоплююче, але я почуваюся самотнім без жодної підтримки."
LON_012,Loneliness,"I'm up for a promotion, but the stress and lack of camaraderie are making me question if it's worth it.","Мені обіцяють підвищення, але стрес і відсутність взаєморозуміння збивають з пантелику, чи варто воно того."
LON_013,Loneliness,"I thought graduate school would bring me closer to like-minded people, but I feel more adrift than ever.","Думав, що навчання в аспірантурі зблизить мене з однодумцями, але я почуваюся більш відірваним, ніж будь-коли."
LON_014,Loneliness,"Balancing my job and night classes leaves no time for socializing, and I feel very isolated.","Балансуючи між роботою і вечірніми курсами, у мене не залишається часу на спілкування, і я почуваюся відокремленим."
LON_015,Loneliness,"Despite being surrounded by classmates, learning remotely makes me feel like I'm on an island.","Попри те, що я серед однокласників, навчання дистанційно змушує відчувати, ніби я на острові."
LON_016,Loneliness,"Every day I go to work, and it feels like no one notices me, not even during meetings.","Щодня ходжу на роботу і здається, що ніхто мене не помічає, навіть під час нарад."
LON_017,Loneliness,"I thought being in a team would help me feel less alone, but I feel more isolated than before.","Думав, що бути в команді допоможе мені почуватися менш самотньо, але відчуваю більше відчуження, ніж раніше."
LON_018,Loneliness,"My boss always praises my work, but I feel like I'm missing the real connections that make me happy at work.","Мій начальник завжди хвалить мою роботу, але мені бракує справжніх контактів, які роблять мене щасливим на роботі."
LON_019,Loneliness,"I'm drowning in projects, and there's no one to help, making me realize how alone I am in this job.","Потопаю в проектах, і нікому допомогти, що змушує усвідомити, наскільки я самотній на цій роботі."
LON_020,Loneliness,"When working from home, I miss the social interaction of the office, and the silence is hard to bear.","Коли працюю з дому, я сумую за спілкуванням в офісі, і важко витримувати тишу."
LON_021,Loneliness,"I always thought I'd have someone to lean on at work, but there's no closeness with my coworkers.","Я завжди думав, що буду мати на кого покластися на роботі, але з колегами немає ніякої близькості."
LON_022,Loneliness,"The office gets quieter each day, and as more people leave, I feel more alone than ever at my desk.","В офісі дедалі тихіше щодня, і коли більше людей йде, я почуваюся все більше одиноким за своїм робочим столом."
LON_023,Loneliness,"Job security is nice to have, but without close friendships at work, it feels pretty hollow.","Стабільність роботи — це добре, але без близьких друзів на роботі відчуття пустоти стає тільки більшим."
LON_024,Loneliness,"I miss after-work hangouts with colleagues, they made me feel part of something.","Я скучаю за післяробочими тусовками з колегами, вони змушували мене відчувати себе частиною чогось."
LON_025,Loneliness,Everyone seems so focused on their own tasks that it feels like there's no room left for genuine connection.,"Здається, всі настільки зайняті своїми справами, що для справжнього спілкування не залишається місця."
LON_026,Loneliness,"My family is always arguing, and I feel like I have no one to confide in.","Моя сім'я постійно свариться, і я відчуваю, що немає до кого прихилитися."
LON_027,Loneliness,"Even when I'm with my partner, I feel incredibly lonely. It's like we're not on the same page anymore.","Навіть коли я з партнером, відчуваю себе неймовірно самотнім. Ніби ми більше не на одній хвилі."
LON_028,Loneliness,"Since my parents' divorce, home doesn't feel the same. I feel like I don't fit in my own family.",Після розлучення батьків дім вже не той. Відчуваю себе чужим у власній родині.
LON_029,Loneliness,"Being a single parent is exhausting, and I wish I had someone to talk to about it.","Бути самотнім батьком виснажливо, і я мрію мати з ким цим поділитися."
LON_030,Loneliness,"My sibling and I have grown apart, and I feel like I lost more than just a brother/sister.","Ми з братом/сестрою стали чужими, і здається, я втратив більше, ніж просто брата/сестру."
LON_031,Loneliness,"All our family gatherings feel more like formalities than genuine bonding moments, and it's sad.","Усі наші сімейні зібрання більше схожі на формальності, ніж на справжні моменти єднання, це засмучує."
LON_032,Loneliness,"I feel invisible in my family, like they don't see who I really am or what I need.","Відчуваю себе невидимим у своїй сім'ї, ніби вони не бачать, хто я насправді та чого потребую."
LON_033,Loneliness,"My partner doesn't understand why I'm feeling disconnected, and it just makes it worse.","Мій партнер не розуміє, чому я почуваюся відчуженим, і це тільки погіршує ситуацію."
LON_034,Loneliness,"I try to be there for my friends, but when I'm down, it feels like there's no one to support me.","Я намагаюся підтримувати друзів, але коли мені сумно, здається, немає кого підтримати мене."
LON_035,Loneliness,"Caring for my aging parents is draining, and I have no emotional support network to lean on.","Догляд за батьками сильно втомлює, а я не маю жодної емоційної підтримки."
LON_036,Loneliness,"I thought becoming a parent would make me feel less alone, but instead, I'm feeling isolated from friends.","Думав, що стати батьком/матір'ю зменшить відчуття самотності, але натомість відчув ізоляцію від друзів."
LON_037,Loneliness,"I always seem to be the one reaching out to others, but inside I feel desperately alone.","Здається, я завжди той, хто ініціює спілкування, але всередині відчуваю себе жахливо самотньо."
LON_038,Loneliness,"My close friends have moved away, and I haven't been able to find new ones that I click with.","Мої близькі друзі поїхали, і я не можу знайти нових, з якими б почувався на одній хвилі."
LON_039,Loneliness,"Family dinners are filled with silence and tension, and I miss the warmth we used to have.","Сімейні вечері сповнені тиші і напруги, і я сумую за теплом, яке у нас колись було."
LON_040,Loneliness,I feel like no one in my family really understands my dreams and aspirations.,"Мені здається, що ніхто в моїй сім'ї дійсно не розуміє моїх мрій і прагнень."
LON_041,Loneliness,"Even when surrounded by friends, I feel this deep sense of loneliness that's hard to shake off.","Навіть серед друзів я відчуваю глибоке відчуття самотності, від якого важко позбутися."
LON_042,Loneliness,"Social gatherings leave me feeling more hollow than connected, and I don't understand why.","Громадські зібрання залишають мене з відчуттям пустоти, а не зв'язку, і я не розумію, чому так."
LON_043,Loneliness,"I always wanted a big family, but now that I have it, I find myself feeling isolated in the chaos.","Завжди мріяв мати велику родину, але тепер, коли я її маю, почуваюся ізольованим у цьому хаосі."
LON_044,Loneliness,I miss the sense of belonging I used to feel when I was younger. Now everything feels so distant.,"Сумую за відчуттям своєї приналежності, яке було в молодості. Зараз все здається таким далеким."
LON_045,Loneliness,Going to the grocery store alone is just another reminder of how solitary my life has become.,"Ходити на ринок самотужки — це ще одне нагадування, наскільки самотнім стало моє життя."
LON_046,Loneliness,"I've been out of work for months, so the days feel endless and lonely.","Я безробітний вже кілька місяців, тому дні здаються безмежними і самотніми."
LON_047,Loneliness,All my evenings are empty now. I didn't realize how much work filled my life until I lost it.,"Тепер всі мої вечори порожні. Не розумів, наскільки робота наповнювала моє життя, поки не втратив її."
LON_048,Loneliness,"After I retired, everyone at the office seemed to forget I existed.","Після виходу на пенсію, здається, всі на роботі забули, що я існую."
LON_049,Loneliness,"I'm drowning in debt, and it feels like no one else around me really gets how lonely it is.","Потопаю в боргах, і здається, ніхто навколо не розуміє, наскільки це самотньо."
LON_050,Loneliness,"I moved to a new neighborhood, and the change has been unsettlingly quiet and lonely.","Я переїхав до нового району, і ця зміна виявилася тривожно тихою і самотньою."
LON_051,Loneliness,"My financial problems have isolated me from social activities, and I feel cut off from friends.","Мої фінансові проблеми ізолювали мене від суспільних заходів, і я почуваюся відірваним від друзів."
LON_052,Loneliness,"Juggling two jobs leaves me with no time for anything else, including building relationships.","Жонглювання двома роботами не залишає мені часу ні на що інше, особливо на стосунки."
LON_053,Loneliness,"I feel like I'm behind on everything in life, and there's no one to share these struggles with.","Здається, я відстаю у всіх аспектах життя, і ні з ким поділитися цими труднощами."
LON_054,Loneliness,"My health issues mean I can't go out much anymore, and I'm starting to feel so isolated at home.","Через проблеми зі здоров'ям я майже не виходжу з дому, і починаю відчувати сильну ізоляцію."
LON_055,Loneliness,"Routine got disrupted when I lost my job, and every day feels like an uphill battle all on my own.","Розпорядок дня зруйнувався після втрати роботи, і кожен день здається боротьбою, яку я веду самотужки."
LON_056,Loneliness,"Moving to a new country sounded like an adventure, but being so far from home has been isolating.","Переїзд в нову країну здавався пригодою, але бути так далеко від дому виявилося ізолюючим."
LON_057,Loneliness,I never imagined retirement would be this lonely. I miss the structure and people at work.,"Я ніколи не думав, що пенсія буде такою самотньою. Сумую за структурою і людьми на роботі."
LON_058,Loneliness,"Days blend together in my small apartment, and the lack of social interaction is wearing on me.","Дні зливаються в моїй маленькій квартирі, і відсутність спілкування починає загнітати."
LON_059,Loneliness,"It's been so long since I last celebrated a holiday with someone else, and it's so hard being alone.","Минуло так багато часу з моменту, як я останній раз святкував з кимось іншим, це так важко бути один."
LON_060,Loneliness,"Unexpected events keep throwing me off my usual routine, making it impossible to connect with anyone.","Несподівані події постійно збивають мене з колії, ускладнюючи спілкування з кимось."
LON_061,Loneliness,"My home feels like a prison sometimes, with no one to visit or talk with for days.","Мій дім іноді відчувається як в’язниця, без когось, хто б прийшов у гості чи поговорив протягом днів."
LON_062,Loneliness,"I'm constantly glued to my screen, yet I feel more disconnected from the world than ever.","Я постійно приклеєний до екрану, але відчуваю себе більш відірваним від світу, ніж будь-коли."
LON_063,Loneliness,"I thought starting new classes would help me meet people, but I still feel an emptiness inside.","Думав, що нові курси допоможуть мені познайомитися з людьми, але все одно відчуваю порожнечу всередині."
LON_064,Loneliness,The pandemic kept us apart for so long that now meeting up feels awkward and more lonely than before.,"Пандемія тримала нас у розлуці так довго, що тепер зустрічі здаються ніяковими і самотнішими, ніж раніше."
LON_065,Loneliness,"Working odd hours means most social events are impossible for me, and the isolation is tough.","Працюючи в неробочі години, більшість соціальних заходів для мене неможливі, та ця ізоляція важка."
LON_066,Loneliness,"After losing my pet, the house feels unbearably quiet and lonely.",Після втрати свого улюбленця будинок відчувається нестерпно тихим і самотнім.
LON_067,Loneliness,I can't shake this feeling that I've missed out on something important socially and I'm left behind.,"Не можу позбутися відчуття, що я упустив щось важливе в соціальному житті, і залишився позаду."
LON_068,Loneliness,Living alone has made me realize how little genuine human interaction I have outside of work.,"Життя на самоті змусило мене зрозуміти, як мало я маю справжнього людського спілкування поза роботою."
LON_069,Loneliness,I've been avoiding talking about my loneliness because I don't want to burden anyone.,"Я уникав розмов про свою самотність, бо не хочу обтяжувати інших."
LON_070,Loneliness,"With no family nearby, the holidays become a painful reminder of how isolated I am.","Без рідних поруч, свята стають болісним нагадуванням про те, скільки я самотня."
LON_071,Loneliness,I miss the noise and laughter my kids brought before they moved away.,"Сумую за шумом і сміхом, які приносили мої діти до того, як поїхали від мене."
LON_072,Loneliness,"Air alerts happen almost every night, and it's hard to sleep feeling so alone with the anxiety.","Повітряні тривоги трапляються майже щоночі, важко заснути з відчуттям таких страхів в самотності."
LON_073,Loneliness,"With all these blackouts, I'm realizing how quiet and lonely my house gets without electricity.","З усіма цими відключеннями я усвідомлюю, наскільки тихим і самотнім стає мій дім без електрики."
LON_074,Loneliness,The constant stream of stressful news makes me feel isolated from peace and normalcy.,Постійний потік новин викликає в мене відчуття ізоляції від спокою і нормального стану.
LON_075,Loneliness,"Being displaced has made it hard for me to form connections, and I feel invisible.","Через вимушений переїзд мені важко встановлювати зв'язки, і я почуваюся непомітною."
LON_076,Loneliness,"Adapting to life in a new location is harder than I thought, and the loneliness is overwhelming.","Адаптація до життя в новому місці важча, ніж я думав, і ця самотність нестерпна."
LON_077,Loneliness,"With every air raid siren, the absence of company makes the fear even worse.",З кожною сиреною повітряної тривоги відсутність компанії робить страх ще більшим.
LON_078,Loneliness,I feel so disconnected from the world with all the chaos happening around me.,Відчуваю себе так відчуженим від світу з усім цим хаосом навколо мене.
LON_079,Loneliness,"Adjusting after relocation is tough, especially without a support system nearby.","Адаптація після переїзду — це важко, особливо без системи підтримки поблизу."
LON_080,Loneliness,The uncertainty about safety makes it hard to connect with people when I'm so cautious and reserved.,"Невизначеність щодо безпеки ускладнює встановлення зв'язків з людьми, коли ти такий обережний і замкнутий."
LON_081,Loneliness,"I used to feel secure at home, but now every noise outside fills me with dread and loneliness.","Я раніше відчував себе безпечно вдома, але тепер будь-який шум зовні наповнює мене страхом і самотністю."
LON_082,Loneliness,"Since moving, even routine tasks feel daunting without anyone to share them with.","З моменту переїзду навіть рутинні завдання відчуваються складними без когось, з ким їх можна розділити."
LON_083,Loneliness,"I long for the familiar circles I had before displacement, now everything feels perpetually distant.","Сумую за знайомими колами, які мав до переселення, зараз все здається нескінченно віддаленим."
LON_084,Loneliness,Constantly moving between shelters makes it hard to build lasting connections.,Постійне переміщення між притулками ускладнює створення міцних зв'язків.
LON_085,Loneliness,Dealing with bureaucratic issues in a foreign environment is lonely without familiar faces.,Мати справу з бюрократією в чужому середовищі дуже самотньо без знайомих облич.
LON_086,Loneliness,"I feel like a stranger in a new land, where rebuilding my life seems like an isolated effort.","Відчуваю себе чужим на новій землі, де відновлення свого життя здається ізольованим зусиллям."
LON_087,Loneliness,Being caught between cultures leaves me feeling like I truly belong nowhere.,"Бути між культурами залишає мене з відчуттям, що я нікуди насправді не належу."
LON_088,Loneliness,"Even when surrounded by people who've also been displaced, I feel strangely alone in my experiences.","Навіть поруч із людьми, які теж були переміщені, відчуваю себе дивно самотнім у своїх переживаннях."
LON_089,Loneliness,"Every conversation starts with stress about safety, and it makes genuine connections rare.","Кожна розмова починається зі стресу про безпеку, що робить справжні зв’язки рідкістю."
LON_090,Loneliness,Trying to get back to a normal routine in a place that never feels home is so lonely.,"Спроби повернутися до нормального розпорядку дня в місці, яке ніколи не відчувається домом, дуже самотні."
LON_091,Loneliness,"Even when I try to stay busy, the underlying loneliness of being away from familiar settings is always there.","Навіть коли намагаюся залишатися зайнятим, підґрунтям завжди лишається відчуття самотності від того, що далеко від знайомого."
LON_092,Loneliness,It's hard to trust new faces when the past was so unpredictable and isolating.,"Важко довіряти новим обличчям, коли минуле було таким непередбачуваним і ізольованим."
LON_093,Loneliness,All these power cuts make the village eerily silent and more alienating than ever before.,"Усі ці відключення живлення роблять село лякаюче тихим і більш відчуженим, ніж будь-коли."
LON_094,Loneliness,Adapting to the noise and pace of city life has been hard and lonely coming from a quiet town.,Адаптація до шуму і темпу міського життя виявилася важкою і самотньою після спокійного містечка.
LON_095,Loneliness,Experiencing anxiety with every air raid alert alone is something I never imagined enduring.,"Переживати напад тривоги за кожною сиреною повітряної тривоги наодинці — це те, чого я ніколи не міг уявити."
LON_096,Loneliness,The absence of familiar faces in a new city exacerbates the loneliness I feel.,"Відсутність знайомих облич у новому місті загострює відчуття самотності, яке я відчуваю."
LON_097,Loneliness,Missing my childhood neighborhood makes the new streets feel cold and foreign.,Спогади про рідний район роблять нові вулиці холодними і чужими.
LON_098,Loneliness,Worrying about loved ones in a crisis takes on new meaning when you face it alone.,"Турбота про близьких у кризі має новий сенс, коли ти з цим наодинці."
LON_099,Loneliness,It's hard to make myself heard in a new community where people already have long-established bonds.,"Важко бути почутим у новій спільноті, де люди вже довго зберігають свої зв'язки."
LON_100,Loneliness,"Settling in doesn't mean the nightmares of displacement disappear, especially when facing them alone.","Оселення не означає, що кошмари переміщення зникнуть, особливо якщо зустрічатися з ними наодинці."
DIS_001,Internal Displacement,"I've been here for a few months after moving and I still don't feel settled. I miss my old home and my normal life a lot, and I don't know how to feel comfortable in a new place.","Я тут уже кілька місяців після переїзду, але досі не можу звикнути. Дуже сумую за домом і своїм колишнім життям, і не знаю, як відчути себе нормально на новому місці."
DIS_002,Internal Displacement,"I am trying to deal with all the documents after moving, but every step takes so much energy. I also worry about money and sometimes feel like I'm causing problems for other people.","Я намагаюся розібратися з усіма документами після переїзду, але кожен крок забирає стільки сил. Ще й переживаю через гроші та інколи відчуваю, ніби створюю проблеми для інших."
DIS_003,Internal Displacement,"I know I'm in a safer place now, but I still think about everything that happened back home. I can't really plan my future because I keep waiting for things to change.","Я знаю, що зараз у безпечнішому місці, але все одно постійно думаю про те, що сталося вдома. Мені важко планувати майбутнє, бо я весь час чекаю, що все зміниться."
DIS_004,Internal Displacement,How do I focus on all these work meetings when my mind is constantly back at home?,"Як зосередитися на всіх цих робочих зустрічах, коли думки постійно повертаються додому?"
DIS_005,Internal Displacement,"I'm studying for final exams, but I can't concentrate with everything going on around me.","Я готуюся до підсумкових іспитів, але не можу зосередитися з усім, що відбувається навколо."
DIS_006,Internal Displacement,I feel overwhelmed by the workload since moving and fear I'm falling behind.,"Мене пригнічує обсяг роботи після переїзду, і я боюся, що відстаю."
DIS_007,Internal Displacement,"I've changed jobs since relocating, and I constantly worry about job security.",Я змінив роботу після переїзду та постійно хвилююся за стабільність.
DIS_008,Internal Displacement,Balancing a new job and studies in a new city is too much sometimes.,Поєднувати нову роботу і навчання у новому місті буває надто важко.
DIS_009,Internal Displacement,The pressure to perform at work after relocating is causing burnout.,"Тиск, щоб працювати ефективно після переїзду, призводить до емоційного вигорання."
DIS_010,Internal Displacement,"I'm really struggling with these back-to-back deadlines, especially after moving.","Мені дійсно важко з цими безперервними дедлайнами, особливо після переїзду."
DIS_011,Internal Displacement,I feel disconnected at work; everyone else seems settled while I'm just managing.,"Почуваюся відмежовано на роботі; всі здаються влаштованими, а я лише намагаюся справлятися."
DIS_012,Internal Displacement,Uncertainty in my career path after moving keeps me awake at night.,Невизначеність у кар'єрі після переїзду не дає мені спокійно спати.
DIS_013,Internal Displacement,"I'm attending online classes, but my home situation makes it hard to keep up.","Я відвідую онлайн-заняття, але ситуація вдома ускладнює процес навчання."
DIS_014,Internal Displacement,I miss the routine of my old job; everything feels chaotic after the move.,Я сумую за рутиною на старій роботі; все здається хаотичним після переїзду.
DIS_015,Internal Displacement,Am I the only one who feels lost adapting to a new academic environment?,"Чи я одна відчуваю себе загубленою, звикаючи до нового академічного середовища?"
DIS_016,Internal Displacement,How do people focus on their studies when their world feels so uncertain?,"Як люди зосереджуються на навчанні, коли світ навколо них такий непевний?"
DIS_017,Internal Displacement,I keep thinking if returning to my old job is the right move; nothing feels certain.,"Я постійно думаю, чи правильно повернутися на стару роботу; нічого не здається певним."
DIS_018,Internal Displacement,Managing projects remotely from a different environment is way harder than I thought.,"Керування проєктами дистанційно з іншого середовища виявилося значно складнішим, ніж я думав."
DIS_019,Internal Displacement,"The relocation has messed up my study schedule, and I'm just trying to catch up.","Переїзд зіпсував мій навчальний графік, і я просто намагаюся наверстати."
DIS_020,Internal Displacement,"I have to adapt to a new work culture on top of everything else, and it's draining.","Мені доводиться адаптуватися до нової корпоративної культури, крім усього іншого, і це виснажує."
DIS_021,Internal Displacement,How can I let go of the stress of relocation as I prepare for final exams?,"Як позбутися стресу від переїзду, готуючись до підсумкових іспитів?"
DIS_022,Internal Displacement,I'm applying for jobs in a new city and it's terrifying; I don't know how to start.,"Я подаю заявки на роботу в новому місті, і це страшно; не знаю, з чого почати."
DIS_023,Internal Displacement,Facing language barriers at work and it's affecting my confidence.,"Стикаючись з мовними бар'єрами на роботі, це впливає на мою впевненість."
DIS_024,Internal Displacement,I can't seem to make new professional connections after moving here.,Я не можу завести нові професійні знайомства після переїзду сюди.
DIS_025,Internal Displacement,Trying to stay productive in a new environment feels impossible right now.,Залишатися продуктивним у новому оточенні здається зараз неможливим.
DIS_026,Internal Displacement,How do I rebuild trust with my family after the stress of moving?,Як відновити довіру в сім'ї після стресу від переїзду?
DIS_027,Internal Displacement,"I tried talking to my partner about my feelings, but they don't understand.","Я намагалася поговорити з партнером про свої відчуття, але він не розуміє."
DIS_028,Internal Displacement,Late night arguments at home are getting more frequent after we moved.,Пізні нічні сварки вдома стають частішими після переїзду.
DIS_029,Internal Displacement,My kids are struggling to make friends here; it breaks my heart.,Мої діти не можуть знайти друзів тут; це розбиває мені серце.
DIS_030,Internal Displacement,I miss having meaningful conversations with friends; it's so lonely now.,Я сумую за змістовними розмовами з друзями; зараз так самотньо.
DIS_031,Internal Displacement,Handling everyone's needs after moving has left me completely drained.,Догляд за всіма після переїзду повністю виснажив мене.
DIS_032,Internal Displacement,Family dinner conversations turn into arguments over our move more often now.,Розмови за сімейною вечерею все частіше перетворюються на суперечки через переїзд.
DIS_033,Internal Displacement,My partner and I can't agree on anything since we relocated.,"Ми з партнером ніяк не можемо домовитися про те, що робити далі після переїзду."
DIS_034,Internal Displacement,Being the only caregiver in a new unfamiliar place is overwhelming.,Бути єдиним доглядальником в новому незнайомому місці — це надзвичайно важко.
DIS_035,Internal Displacement,I haven't laughed with my friends in ages; I feel disconnected.,Я давно не сміявся з друзями; відчуваю себе відстороненим.
DIS_036,Internal Displacement,"I used to feel understood by my family, but now things have changed.","Раніше почувався зрозумілим у своїй родині, але тепер усе інакше."
DIS_037,Internal Displacement,I miss spending weekends with my siblings; we barely talk now.,Я сумую за вихідними з сестрами та братами; ми ледве розмовляємо зараз.
DIS_038,Internal Displacement,I feel like my partner and I are drifting apart since we had to relocate.,"Мені здається, що ми з партнером віддаляємося один від одного після переїзду."
DIS_039,Internal Displacement,My support system feels nonexistent here; loneliness is overwhelming.,"Тут відчуваю, ніби немає підтримки; самотність переповнює."
DIS_040,Internal Displacement,I miss my community gatherings and the sense of belonging it gave me.,Я сумую за зборами у своїй громаді та почуттям приналежності.
DIS_041,Internal Displacement,The constant money worries since moving keep me up at night.,Постійні фінансові турботи після переїзду не дають мені спати вночі.
DIS_042,Internal Displacement,"The cost of living here is so high, and it's stressing me out daily.","Ціни на життя тут такі високі, і це засмучує мене кожен день."
DIS_043,Internal Displacement,I need help managing my money better after the relocation.,Мені потрібна допомога в управлінні коштами після переїзду.
DIS_044,Internal Displacement,Our savings are running low because everything is more expensive here.,"Наші заощадження тануть, бо тут усе дорожче."
DIS_045,Internal Displacement,"I'm exhausted from all the moving, unpacking, and setting up a new space.","Я стомлений від постійних переїздів, розпаковування та облаштування нового місця."
DIS_046,Internal Displacement,"Living in temporary accommodation is wearing me down, I just want stability.","Проживання у тимчасовому житлі виснажує мене, хочу лише стабільності."
DIS_047,Internal Displacement,I haven't been able to find a new daily routine since the move.,Я не можу знайти новий розклад дня після переїзду.
DIS_048,Internal Displacement,Managing everything by myself in a new city is so draining.,Керувати всім самостійно в новому місті виснажує.
DIS_049,Internal Displacement,I don't know where to start with all these daily responsibilities piling up.,"Не знаю, з чого почати з усіма цими щоденними обов'язками, які накопичилися."
DIS_050,Internal Displacement,Trying to rebuild my life from scratch in a new place is daunting.,Спроба почати життя з нуля в новому місці виглядає лякаюче.
DIS_051,Internal Displacement,I can't seem to find a rhythm again; nothing feels routine anymore.,Не можу знову знайти ритм; нічого вже не відчувається рутинним.
DIS_052,Internal Displacement,Facing new challenges daily here adds to my constant fatigue.,Зіткнення з новими щоденними викликами додає до моєї постійної втоми.
DIS_053,Internal Displacement,Managing my daily tasks is proving difficult without the usual support.,Управління щоденними завданнями видається важким без звичної підтримки.
DIS_054,Internal Displacement,The everyday chaos of starting over makes me miss the old calm.,Повсякденний хаос початку спочатку змушує мене сумувати за старим спокоєм.
DIS_055,Internal Displacement,I can't seem to prioritize my life; everything feels urgent since the move.,Я не можу пріоритезувати своє життя; все здається терміновим після переїзду.
DIS_056,Internal Displacement,"The air alerts are so frequent, I'm constantly on edge.","Повітряні тривоги такі часті, що я постійно на нервах."
DIS_057,Internal Displacement,"We lose power so often, and it makes planning anything a challenge.","Ми так часто лишаємося без електрики, що будь-яке планування стає викликом."
DIS_058,Internal Displacement,"The constant news makes me anxious, yet I can't stop checking updates.","Постійні новини знервовують мене, але я не можу перестати перевіряти оновлення."
DIS_059,Internal Displacement,I'm struggling to make this new place feel like home.,Мені важко зробити це нове місце схожим на дім.
DIS_060,Internal Displacement,The uncertainty about safety here gives me sleepless nights.,Невпевненість у безпеці тут не дає спати ночами.
DIS_061,Internal Displacement,Adjusting to daily life post-relocation feels more difficult than expected.,"Пристосування до щоденного життя після переїзду було складнішим, ніж очікував."
DIS_062,Internal Displacement,"I feel scared every time I hear a siren, even though we're far from danger.","Я відчуваю страх кожного разу, коли чую сирену, хоча ми далеко від небезпеки."
DIS_063,Internal Displacement,The constant changes in rules and regulations since I moved are exhausting.,Постійні зміни в правилах та нормах після переїзду виснажують.
DIS_064,Internal Displacement,"No matter how much we try, the feeling of instability remains here.","Скільки б ми не старалися, почуття нестабільності тут залишається."
DIS_065,Internal Displacement,The bureaucracy involved in simple tasks here is overwhelming.,Бюрократія у виконанні простих завдань тут просто приголомшує.
DIS_066,Internal Displacement,My kids are always upset by the constant blackouts and sirens.,Мої діти завжди засмучені через постійні вимкнення електрики та сирени.
DIS_067,Internal Displacement,It's hard to feel settled when every week something new disrupts life.,"Важко відчути стабільність, коли кожного тижня щось нове змушує змінювати життя."
DIS_068,Internal Displacement,I want to create new memories here but feel stuck in the past.,"Я хочу створювати нові спогади тут, але відчуваю, що застряг у минулому."
DIS_069,Internal Displacement,"I thought life would be better here, but I constantly worry about the future.","Я думав, що тут буде краще, але постійно хвилююся за майбутнє."
DIS_070,Internal Displacement,Trying to navigate life amid disruptions makes everything overwhelming.,Намагаючись долати життєві труднощі, постійно стикаєшся з непереборними перешкодами.
DIS_071,Internal Displacement,The unknowns of living in this new place are too much sometimes.,Іноді невідомість життя в цьому новому місці здається надмірною.
DIS_072,Internal Displacement,"I'm trying my best here, but the future just seems so unclear.","Я намагаюся щосили, але майбутнє здається таким непевним."
DIS_073,Internal Displacement,"It feels like just as I adjust, something new shakes up life here.","Відчуваю, що щойно адаптуюсь, і щось нове знову змушує змінювати життя тут."
DIS_074,Internal Displacement,"I'm trying to stay hopeful, but the recent news has made it difficult.","Я намагаюся залишатися оптимістичним, але останні новини ускладнюють це робити."
DIS_075,Internal Displacement,The confusion around what to do next is exhausting after relocating.,"Плутанина щодо того, що робити далі після переїзду, виснажує."
DIS_076,Internal Displacement,"Sometimes it feels like no matter how much I try, the challenges keep coming.","Іноді відчуваю, що скільки б не намагався, труднощі й далі навалюються."
DIS_077,Internal Displacement,Every new restriction reminds me how far I am from home.,"Кожне нове обмеження нагадує мені, наскільки я далеко від дому."
DIS_078,Internal Displacement,How do people cope with constant uncertainty? I feel stuck.,Як люди справляються з постійною невизначеністю? Відчуваю себе в тупику.
DIS_079,Internal Displacement,Is it normal to feel so uncertain about life here? I don't feel settled at all.,Чи нормально відчувати таку невпевненість у житті тут? Я зовсім не відчуваю осілості.
DIS_080,Internal Displacement,"I'm trying to find small joys here, but every challenge weighs on me.","Я намагаюся знаходити тут маленькі радості, але кожне випробування мене гнітить."
DIS_081,Internal Displacement,It's hard to stay optimistic when everything keeps changing unexpectedly.,"Важко залишатися оптимістом, коли все несподівано змінюється."
DIS_082,Internal Displacement,All this uncertainty makes it hard to believe in a brighter future.,Ця невизначеність ускладнює віру в яскраве майбутнє.
DIS_083,Internal Displacement,I wish I could just call home and everything would be okay again.,"Хотів би, щоб я міг просто зателефонувати додому і все було б нормально."
DIS_084,Internal Displacement,"Each day feels like a new challenge after displacement, and I'm exhausted.","Кожен день після переміщення відчувається як новий виклик, і я виснажений."
DIS_085,Internal Displacement,"Why do I feel so far away from everyone, even when they're close by?","Чому відчуваю себе так далеко від усіх, навіть коли вони поруч?"
DIS_086,Internal Displacement,The fatigue of adjusting to continuously changing circumstances is too much.,Втома від пристосування до постійно змінених обставин занадто велика.
DIS_087,Internal Displacement,"I just want to feel settled and safe, but it feels like a distant dream.","Я просто хочу відчути себе захищеною та влаштованою, але це здається віддаленою мрією."
DIS_088,Internal Displacement,All plans for the future seem impossible when I'm unsure about the next step.,"Усі плани на майбутнє здаються неможливими, коли не впевнений в наступному кроці."
DIS_089,Internal Displacement,The instability is a constant drain on my mental health.,Нестабільність постійно витрачає моє психічне здоров'я.
DIS_090,Internal Displacement,Everywhere feels temporary; it's hard to invest in finding joy.,"Усюди відчувається тимчасовість, важко вкластися в знаходження радості."
DIS_091,Internal Displacement,"I want to build a new life, but I don't know where to begin.","Я хочу почати нове життя, але не знаю, з чого почати."
DIS_092,Internal Displacement,There seems to be no end to the changes and I feel lost.,"Здається, зміни не мають кінця, і я почуваю себе загубленим."
DIS_093,Internal Displacement,It's been challenging to develop any sort of stability here.,Важко розвивати будь-яку стабільність тут.
DIS_094,Internal Displacement,My heart sinks every time I hear news about home while I'm miles away.,"Моє серце стискається кожного разу, коли чую новини про дім на відстані."
DIS_095,Internal Displacement,I feel like I'm losing touch with reality among all these changes.,"Відчуваю, що втрачаю зв'язок з реальністю серед усіх цих змін."
DIS_096,Internal Displacement,"We struggle to make this place feel like our new home, and it's tiring.","Ми намагаємося зробити це місце нашим новим домом, і це виснажує."
DIS_097,Internal Displacement,"There's a constant feeling of transition, even though we should be settling.","Постійне відчуття перехідності, хоча мали б уже осісти."
DIS_098,Internal Displacement,"I'm constantly on edge, never knowing if everything will change again.","Я постійно на нервах, ніколи не знаючи, чи все знову не зміниться."
DIS_099,Internal Displacement,I can't believe how uprooted I feel after all we've been through.,"Не можу повірити, наскільки відірваним я відчуваю себе після всього, через що ми пройшли."
DIS_100,Internal Displacement,The mental toll of continuous uncertainty is something I'm unprepared for.,"Психологічний тягар постійної невизначеності — це те, до чого я не готовий."
TEN_001,Tension,"I've been feeling irritated all day and I don't even know why. Everything people say is getting on my nerves, and I can't seem to relax.","Я весь день якийсь роздратований і навіть не знаю чому. Мене дратує все, що люди говорять, і я ніяк не можу розслабитися."
TEN_002,Tension,"Things at home have been uncomfortable lately. We barely talk, everyone seems upset, and I feel the tension every time we're together.","Останнім часом удома якось некомфортно. Ми майже не розмовляємо, усі ніби чимось засмучені, і я відчуваю цю напругу щоразу, коли ми разом."
TEN_003,Tension,My workload has been crazy and I’m starting to feel really overwhelmed at work.,"У мене просто шалена завантаженість на роботі, і я починаю почуватися просто пригніченим."
TEN_004,Tension,"With all these deadlines coming up, I can barely catch my breath. It’s really stressing me out.",У зв’язку з усіма цими дедлайнами я ледь встигаю перевести подих. Це мене дійсно сильно дратує.
TEN_005,Tension,I’m worried about the meeting next week. It could really change things for me.,Мене турбує зустріч наступного тижня. Вона може серйозно змінити моє життя..
TEN_006,Tension,"I keep thinking I’m not doing enough to secure my job, and it’s eating at me.","Я постійно думаю, що не роблю достатньо, щоб втримати роботу, і це мене гризе."
TEN_007,Tension,Balancing studies and part-time work is exhausting. I’m not sure how much longer I can manage.,"Поєднувати навчання та роботу на пів ставки виснажує. Не впевнений, скільки ще зможу тягнути."
TEN_008,Tension,"The expectations for my performance at work are really high, and I feel like I'm constantly under pressure.","Очікування щодо моєї роботи дуже високі, і я відчуваю постійний тиск."
TEN_009,Tension,I have too much on my plate right now. It feels like I’m carrying the weight of the world.,"Зараз у мене надто багато справ. Відчувається, ніби я несу тягар усього світу."
TEN_010,Tension,"I’ve been working late for weeks, and it’s starting to drain me. I’m constantly on edge.","Я вже кілька тижнів працюю допізна, і це починає мене виснажувати. Постійно на нервах."
TEN_011,Tension,The job market’s so unstable and it’s hard not to worry about my future employment.,"Ринок праці такий нестабільний, і важко не хвилюватися за своє майбутнє."
TEN_012,Tension,I feel like there’s way too much to learn in so little time before exams.,"Відчуття, що треба вивчити надто багато за такий короткий час перед екзаменами."
TEN_013,Tension,"Our team was reorganized suddenly, and it’s stressing me out to adapt to the changes.","Нашу команду раптово реорганізували, і мене напружує необхідність адаптуватися до змін."
TEN_014,Tension,I’m feeling so much anxiety about the upcoming presentation. I don’t want to mess it up.,Відчуваю величезну тривогу щодо майбутньої презентації. Не хочу її зіпсувати.
TEN_015,Tension,Competing priorities at work make it hard to focus on anything entirely.,Конкуренція пріоритетів на роботі не дозволяє повністю зосередитися на чомусь одному.
TEN_016,Tension,"I’m on the verge of burnout, trying to juggle this crazy schedule.","Я на межі вигоряння, намагаючись поєднати цей шалений розклад."
TEN_017,Tension,The pressure to succeed academically is really taking a toll on me.,Тиск через необхідність успішно вчитися дуже впливає на мене.
TEN_018,Tension,I feel like I’m always rushing to meet deadlines and never have time to breathe.,"Відчуваю, що постійно біжу, щоб встигнути до дедлайнів, і часу перевести подих просто немає."
TEN_019,Tension,"There’s an underlying tension at work, and it’s making me uneasy every day.","На роботі якась підґрунтова напруга, і кожного дня мені від цього неспокійно."
TEN_020,Tension,Dealing with office politics is starting to overwhelm me. It’s so draining.,Справлятися з офісною політикою стає для мене нестерпно важко. Це так вимотує.
TEN_021,Tension,I’m afraid of making any mistakes in my new role. The stress is intense.,Боюся робити помилки на новій посаді. Стрес надзвичайний.
TEN_022,Tension,Struggling with schoolwork is making me tense all the time.,Невдачі з навчанням роблять мене постійно напруженим.
TEN_023,Tension,Finding a balance between my studies and personal life seems impossible.,"Здається, знайти баланс між навчанням та особистим життям просто неможливо."
TEN_024,Tension,I’m constantly afraid that my job performance isn’t meeting expectations.,"Я постійно боюся, що моя робота не відповідає очікуванням."
TEN_025,Tension,The uncertainty about my project’s future is causing me a lot of stress.,Невизначеність щодо майбутнього мого проекту завдає мені великого стресу.
TEN_026,Tension,"Every time I talk to my family, it feels like there’s some unspoken tension.","Кожного разу, коли я розмовляю з родиною, відчувається якась невисловлена напруженість."
TEN_027,Tension,"I'm caught in the middle of my parents’ arguments, and I don't know what to do.","Я в центрі сварки батьків і не знаю, що робити."
TEN_028,Tension,"My partner and I can’t seem to agree on anything lately, and it’s wearing me down.","Ми з партнером останнім часом ні в чому не можемо домовитися, і це мене виснажує."
TEN_029,Tension,"I feel like no one in my family takes my opinions seriously, and it's so frustrating.","Відчуваю, що ніхто в моїй родині не сприймає мої думки серйозно, і це так дратує."
TEN_030,Tension,"I’m constantly fighting with my siblings over small things, and it's exhausting.","Я постійно сперечаюсь з братами та сестрами через дрібниці, і це виснажує."
TEN_031,Tension,Balancing the needs of my family and my own is becoming increasingly difficult.,Балансування між потребами родини та власними стає дедалі важчим.
TEN_032,Tension,"I feel like my friends are distancing themselves, and it’s making me anxious.","Відчуття, що мої друзі віддаляються, і це мене тривожить."
TEN_033,Tension,I'm worried that my best friend and I are growing apart. I feel like I don’t know them anymore.,"Хвилююся, що ми з найкращим другом віддаляємося. Відчуваю, що майже нічого про нього не знаю."
TEN_034,Tension,Managing relationships with in-laws is challenging and causing stress in my marriage.,Взаємини з родичами чоловіка/дружини вимагають зусиль і викликають стрес у шлюбі.
TEN_035,Tension,Feeling like I can't talk to anyone in my family about how I really feel.,"Відчуття, що нікому в родині не можу розказати, як насправді почуваюся."
TEN_036,Tension,"Being a caregiver for my parent is exhausting, and I'm feeling mentally drained.","Опіка над батьком виснажує, і відчуваю, що емоційно вичерпаний."
TEN_037,Tension,Falling out with friends is making me feel isolated and tense.,Конфлікти з друзями роблять мене відчуженим та напруженим.
TEN_038,Tension,"There’s a lot of discord in my family right now, and I don’t know how to handle it.","У моїй родині зараз багато суперечок, і я не знаю, як з цим впоратися."
TEN_039,Tension,"My partner is going through a hard time, but I feel helpless and unsure how to support them.","Мій партнер переживає важкі часи, а я відчуваю себе безсилим і не знаю, як підтримати."
TEN_040,Tension,I feel like I’m letting my family down due to my personal struggles.,"Мені здається, що я підводжу свою родину через особисті проблеми."
TEN_041,Tension,My parents always argue about money and it’s creating a tense environment at home.,"Мої батьки постійно сваряться через гроші, і це створює напруженість удома."
TEN_042,Tension,I’m under constant pressure to meet family expectations and it’s really straining me.,"Постійно під тиском очікувань родини, і це мене дуже виснажує."
TEN_043,Tension,"My sister and I used to be close, but now we just keep fighting.","Ми з сестрою колись були дуже близькі, але зараз ми тільки сваримося."
TEN_044,Tension,Recent tensions with my roommates are making our home uncomfortable.,Недавні напруги з моїми сусідами по квартирі роблять наше житло некомфортним.
TEN_045,Tension,"I’m struggling to make ends meet, and the stress is really getting to me.","Я насилу зводжу кінці з кінцями, і стрес дійсно тисне на мене."
TEN_046,Tension,"With everything going on, I can’t even focus on the small daily tasks without feeling tense.","З усім, що відбувається, я навіть не можу зосередитися на дрібних щоденних справах без напруження."
TEN_047,Tension,Changing my routines because of recent life changes has left me feeling overwhelmed.,Зміна звичок через нещодавні життєві зміни залишила мене відчуття переповненості.
TEN_048,Tension,"It’s been hard to adjust to living in a new city, and every day feels overwhelming.","Важко пристосуватися до життя в новому місті, і щодня я відчуваю перевантаження."
TEN_049,Tension,I’m juggling too many responsibilities at once and it’s stressing me out.,"Балансую надто багато обов’язків одночасно, і це мене напружує."
TEN_050,Tension,My energy levels are so low that I can barely get through a normal day.,"Рівень енергії настільки низький, що я ледь справляюся зі звичайним днем."
TEN_051,Tension,I’m not sure how to prioritize everything that needs to be done every day.,"Я не знаю, як розставити пріоритети серед справ, які треба зробити кожного дня."
TEN_052,Tension,I’m constantly worried about having enough money for daily expenses.,"Я постійно хвилююся про те, чи вистачить грошей на щоденні витрати."
TEN_053,Tension,"With all the changes in life, I keep feeling disoriented and tense.",З усіма змінами в житті я постійно відчуваю себе дезорієнтованим та напруженим.
TEN_054,Tension,I’ve lost my sense of routine recently and it’s causing me stress.,"Я втратив відчуття рутини останнім часом, і це викликає у мене стрес."
TEN_055,Tension,I feel like I’m constantly being pulled in different directions and can't cope with it.,"Відчуваю ніби мене постійно тягнуть в різні боки, і не можу з цим впоратися."
TEN_056,Tension,Dealing with bureaucratic stuff has been so stressful lately.,Переживати бюрократичні моменти стало дуже стресово останнім часом.
TEN_057,Tension,Managing my budget is such a headache right now. My expenses keep rising.,Управляти бюджетом зараз суцільний головний біль. Витрати постійно зростають.
TEN_058,Tension,Every day feels like a battle just to keep up with the basic tasks I need to complete.,"Кожен день це ніби боротьба, щоб впоратися з базовими завданнями."
TEN_059,Tension,Facing unforeseen daily challenges is starting to take its toll on me.,Стикатися з непередбачуваними щоденними викликами починає даватися взнаки на мене.
TEN_060,Tension,"Having frequent air alerts is keeping me constantly on edge, I can't relax.","Часті повітряні тривоги тримають мене постійно насторожі, не можу розслабитися."
TEN_061,Tension,The blackouts are so unpredictable and make it hard to plan anything.,"Вимикання світла такі непередбачувані, що важко щось запланувати."
TEN_062,Tension,The constant barrage of stressful news makes it impossible for me to unwind.,Постійний потік стресових новин не дає можливості розслабитися.
TEN_063,Tension,Relocating because of the conflict has left me anxious and uncertain about everything.,Переселення через конфлікт залишило мене в тривозі та невпевненості в усьому.
TEN_064,Tension,Adjusting to life here after moving is more challenging than I expected.,"Пристосуватися до життя тут після переїзду набагато важче, ніж я очікував."
TEN_065,Tension,I still worry about the safety of my family back in Ukraine every single day.,Щодня хвилююсь за безпеку моєї родини в Україні.
TEN_066,Tension,Adapting to a new cultural environment has been quite an overwhelming experience.,Адаптація до нового культурного середовища була надзвичайно напруженим досвідом.
TEN_067,Tension,Constant fear of future escalations keeps me in a state of tension.,Постійний страх перед можливими ескалаціями тримає мене в стані напруження.
TEN_068,Tension,"I feel like each day is uncertain, and it's hard to see a stable future.","Відчуття, що кожен день нестабільний, і важко бачити стабільне майбутнє."
TEN_069,Tension,Dealing with the government paperwork after relocating is really stressful.,Мати справу з державною документацією після переїзду дуже стресово.
TEN_070,Tension,"I’m not sure how to create a sense of home here, and it really bothers me.","Не знаю, як створити відчуття дому тут, і це дійсно мене турбує."
TEN_071,Tension,I feel emotionally exhausted from being hyper-aware of my surroundings all the time.,Я емоційно виснажений від постійної пильності до оточення.
TEN_072,Tension,Making new connections in a foreign place feels daunting and lonely.,Заводити нові знайомства в чужій країні здається лякливо і самотньо.
TEN_073,Tension,Being away from home during the conflict has left me feeling detached and worried.,Перебування далеко від дому під час конфлікту залишило мене в відчутті відстороненості і тривоги.
TEN_074,Tension,Living with the uncertainty of what might happen next is taking a lot out of me.,"Життя в невідомості щодо того, що може статися далі, забирає в мене багато сил."
TEN_075,Tension,I sometimes wonder if I’ll ever be able to feel settled again after all this.,"Іноді я замислююсь, чи зможу колись знову відчути себе спокійно після всього цього."
TEN_076,Tension,Feeling like I'm living in limbo is causing me a lot of stress and anxiety.,Відчуття ніби я живу в стані невідомості спричиняє багато стресу та тривоги.
TEN_077,Tension,Trying to make day-to-day decisions while worried about big-picture safety is really hard.,"Робити щоденні рішення, хвилюючись за загальну безпеку, дійсно важко."
TEN_078,Tension,The unpredictability of the current situation makes it difficult for me to plan anything.,Непередбачуваність поточної ситуації робить будь-яке планування важким.
TEN_079,Tension,Feeling like my life is on hold until things become more stable.,"Почуття ніби моє життя на паузі, доки ситуація не стане стабільнішою."
TEN_080,Tension,Managing the stress of being in a new place with new challenges is overwhelming.,Управління стресом від перебування в новому місці з новими викликами є переповнюючим.
TEN_081,Tension,"I’m tense all the time, worried about hearing bad news from back home.","Весь час напружений, боюся почути погані новини з дому."
TEN_082,Tension,Adjusting to a new environment is making me constantly anxious.,Пристосування до нового середовища робить мене постійно тривожним.
TEN_083,Tension,Feeling disconnected from my culture is adding to my worries.,Відчуття відчуженності від своєї культури додає тривог.
TEN_084,Tension,It’s hard to watch everything going on and not be able to do anything.,"Важко спостерігати за всім, що відбувається, і не мати змоги нічого змінити."
TEN_085,Tension,"I feel like I'm constantly holding my breath, waiting for the next piece of bad news.","Відчуття, що я постійно затримую подих, чекаючи на наступну погану новину."
TEN_086,Tension,Finding stability in this ever-changing situation has been impossible for me.,Знайти стабільність у цій мінливій ситуації для мене виявилось неможливим.
TEN_087,Tension,It’s been a struggle to adjust to so many new things all at once.,Було важко пристосуватися до стількох нових речей одночасно.
TEN_088,Tension,Living in constant fear of air alerts is emotionally exhausting.,Життя в постійному страху перед повітряними тривогами емоційно виснажує.
TEN_089,Tension,The instability of my surroundings makes it difficult to feel at ease.,Нестабільність оточення робить важким відчуття спокою.
TEN_090,Tension,I’m feeling more and more disconnected from my usual way of life.,Відчуваю все більше відриву від звичного способу життя.
TEN_091,Tension,The feeling that everything around me is temporary makes it hard to relax.,"Почуття, що все навколо тимчасове, робить важким розслаблення."
TEN_092,Tension,Trying to rebuild my life from scratch is incredibly overwhelming.,Намагання побудувати життя з нуля неймовірно обтяжливе.
TEN_093,Tension,Worrying about the well-being of my family back home keeps me tense.,Підтримання у тривозі за добробут родини дома постійно напружує.
TEN_094,Tension,The lack of predictability makes it feel like life is on hold.,"Непередбачуваність створює відчуття, що життя на паузі."
TEN_095,Tension,I feel overwhelmed trying to do even basic things in a new country.,"Я почуваю себе переповненим, намагаючись займатися навіть базовими справами в новій країні."
TEN_096,Tension,Feeling like I’m always on edge due to the uncertainty of what tomorrow may bring.,"Постійне відчуття напруги через невизначеність, що принесе завтра."
TEN_097,Tension,I struggle with the sense of being uprooted and trying to find stability.,Я борюся з відчуттям нестабільності й намагаюся знайти опору.
TEN_098,Tension,Continually adapting to new circumstances has been exhausting and stressful.,Безперервне пристосування до нових обставин виснажує та стресує.
TEN_099,Tension,Being constantly reminded of the instability and conflict at home takes an emotional toll.,Постійні нагадування про нестабільність та конфлікт вдома завдають емоційного удару.
TEN_100,Tension,I can’t seem to escape the stress of not knowing what the future holds.,"Ніяк не вдається уникнути стресу через невідомість, що принесе майбутнє."
